Gde-Nr.;PLZ;Gemeinde
2703;4125;Riehen
615;3532;Mirchel
692;2743;Eschert
884;3125;Toffen
6808;2882;Clos du Doubs
390;2554;Meinisberg
726;2515;Plateau de Diesse
976;3376;Graben
983;4538;Oberbipp
408;3429;Hellsau
339;4938;Rohrbachgraben
3006;9107;Urnäsch
5118;6648;Minusio
5399;6632;Verzasca
5120;6600;Muralto
4511;8588;Zihlschlacht-Sitterdorf
303;3257;Grossaffoltern
724;2518;Nods
6716;2806;Mettembert
575;3707;Därligen
497;2576;Lüscherz
6809;2906;Haute-Ajoie
696;2732;Loveresse
356;3073;Muri bei Bern
609;3510;Häutligen
6771;2942;Alle
6792;2908;Grandfontaine
956;3417;Rüegsau
352;3065;Bolligen
872;3116;Kirchdorf (BE)
842;3782;Lauenen
690;2738;Court
663;3202;Frauenkappelen
751;2575;Täuffelen
431;2606;Corgémont
6704;2843;Châtillon (JU)
6781;2932;Coeuve
3790;7513;Silvaplana
3955;7206;Landquart
6744;2345;La Chaux-des-Breuleux
6754;2340;Le Noirmont
2502;4634;Wisen (SO)
5587;1052;Le Mont-sur-Lausanne
1630;8752;Glarus Nord
1220;6484;Wassen
1217;6452;Sisikon
1201;6460;Altdorf (UR)
977;3372;Heimenhausen
952;3465;Dürrenroth
975;4539;Farnern
972;3376;Berken
987;4539;Rumisberg
341;4911;Schwarzhäusern
993;3374;Wangenried
2011;1482;Cugy (FR)
2258;3284;Fräschels
2174;1754;Avry
2149;1634;La Roche
2262;1792;Gurmels
2124;1636;Broc
2147;1649;Pont-la-Ville
2321;1616;Attalens
2278;3214;Ulmiz
6452;2088;Cressier (NE)
2551;4514;Lommiswil
2555;4522;Rüttenen
5745;1446;Baulmes
5881;1807;Blonay
5474;1308;La Chaux (Cossonay)
5478;1116;Cottens (VD)
5688;1510;Syens
5729;1295;Tannay
5663;1514;Bussy-sur-Moudon
5788;1078;Essertes
5495;1305;Penthalaz
5692;1509;Vucherens
5483;1313;Ferreyres
5561;1422;Grandson
5731;1261;Le Vaud
5650;1126;Vaux-sur-Morges
5559;1429;Giez
5077;6742;Pollegio
5732;1267;Vich
5250;6830;Chiasso
4741;9506;Lommis
3032;9410;Heiden
3808;6547;Rossa
1371;6417;Sattel
1372;6423;Schwyz
4275;5054;Kirchleerau
561;3715;Adelboden
5208;6945;Origlio
383;3294;Büren an der Aare
2887;4432;Lampenberg
2834;4417;Ziefen
2822;4302;Augst
3251;9450;Altstätten
3661;7408;Cazis
6404;2015;Boudry
2614;4227;Büsserach
2782;4225;Brislach
2889;4426;Lauwil
2473;4143;Dornach
2771;4104;Oberwil (BL)
412;3422;Kirchberg (BE)
312;3035;Seedorf (BE)
394;3251;Wengi
3203;9000;St. Gallen
413;3425;Koppigen
4941;8560;Märstetten
1030;6284;Hitzkirch
1051;6043;Adligenswil
1089;6212;Knutwil
1052;6033;Buchrain
946;3618;Wachseldorn
305;3273;Kappelen
738;2565;Jens
948;3636;Forst-Längenbühl
355;3095;Köniz
617;3504;Niederhünigen
2784;4243;Dittingen
694;2745;Grandval
6037;1927;Val de Bagnes
3962;7220;Schiers
2491;4633;Hauenstein-Ifenthal
6141;1907;Saxon
159;8707;Uetikon am See
156;8706;Meilen
4122;5213;Villnachern
4095;5200;Brugg
4100;5212;Hausen (AG)
310;3255;Rapperswil (BE)
586;3816;Lütschental
4096;5078;Effingen
4323;5330;Bad Zurzach
4140;5727;Oberkulm
4202;5616;Meisterschwanden
959;3464;Walterswil (BE)
5001;6517;Arbedo-Castione
540;3303;Jegenstorf
565;3718;Kandersteg
5456;1588;Cudrefin
2122;1643;Pont-en-Ogoz
2194;1724;Ferpicloz
2295;3178;Bösingen
2067;1689;Le Châtelard
2055;1474;Cheyres-Châbles
2323;1615;Bossonnens
6461;2074;La Tène
2043;1541;Sévaz
1331;6402;Küssnacht (SZ)
331;4932;Lotzwil
1343;8858;Innerthal
2519;4563;Gerlafingen
2143;1638;Morlon
5503;1302;Vufflens-la-Ville
5908;1464;Chêne-Pâquier
5675;1522;Lucens
5407;1854;Leysin
6156;1872;Troistorrents
5671;1682;Dompierre (VD)
5473;1034;Boussens
5863;1184;Vinzel
5513;1042;Bioley-Orjulaz
5631;1135;Denens
5281;6710;Biasca
5079;6775;Quinto
5113;6595;Locarno
2529;4566;Oekingen
3293;7325;Mels
306;3250;Lyss
2461;3253;Schnottwil
2893;4418;Reigoldswil
1322;8806;Freienbach
6630;1211;Meyrin
6627;1287;Laconnex
2601;4500;Solothurn
1373;6422;Steinen
1365;6424;Lauerz
4002;5023;Biberstein
2574;5012;Eppenberg-Wöschnau
4273;4814;Bottenwil
5148;6930;Bedano
5269;6835;Breggia
5227;6807;Torricella-Taverne
2867;4443;Wittinsburg
1346;8854;Schübelbach
3103;9058;Rüte
2767;4103;Bottmingen
4846;8558;Raperswilen
3407;9240;Oberuzwil
2787;4242;Laufen
5764;1337;Vallorbe
1139;4915;Pfaffnau
1104;6234;Triengen
494;3238;Gals
935;3616;Oberlangenegg
577;3814;Gsteigwiler
770;3631;Stocken-Höfen
353;3047;Bremgarten bei Bern
889;3128;Thurnen
6785;2905;Courtedoux
422;3421;Rüti bei Lyssach
620;3531;Oberthal
1062;6102;Malters
3987;7166;Trun
3618;7113;Lumnezia
5226;6950;Capriasca
437;2723;Mont-Tramelan
4816;8507;Homburg
2582;4613;Rickenbach (SO)
2497;4653;Obergösgen
552;3427;Utzenstorf
554;3428;Wiler bei Utzenstorf
3822;6565;Mesocco
3423;9525;Niederhelfenschwil
1218;6464;Spiringen
4137;5733;Leimbach (AG)
4208;5707;Seengen
4320;5306;Tegerfelden
4032;5506;Mägenwil
322;4944;Auswil
325;4917;Busswil bei Melchnau
2463;4588;Unterramsern
161;8125;Zollikon
6061;3994;Lax
2276;3216;Ried bei Kerzers
2072;1673;Ecublens (FR)
5816;1562;Corcelles-près-Payerne
6417;2022;La Grande Béroche
2160;1628;Vuadens
2338;1624;La Verrerie
2208;1753;Matran
2211;1740;Neyruz (FR)
6453;2073;Enges
4319;5462;Siglistorf
4195;5704;Egliswil
3513;7083;Lantsch/Lenz
3789;7514;Sils im Engadin/Segl
2542;4512;Bellach
4726;8374;Fischingen
5752;1322;Croy
5855;1195;Dully
6155;1898;Saint-Gingolph
5534;1046;Rueyres
5804;1058;Jorat-Menthue
5928;1463;Rovray
5424;1149;Berolle
6158;1895;Vionnaz
5477;1304;Cossonay
5649;1131;Tolochenaz
5588;1094;Paudex
5437;1189;Saubraz
6181;3986;Riederalp
5097;6614;Brissago
5050;6721;Serravalle
5307;6683;Campo (Vallemaggia)
5076;6744;Personico
3786;7503;Samedan
3443;9200;Gossau (SG)
766;3765;Oberwil im Simmental
81;8164;Bachs
90;8155;Niederhasli
64;8309;Nürensdorf
52;8303;Bassersdorf
5725;1197;Prangins
5710;1267;Coinsins
6235;3965;Chippis
6638;1242;Satigny
6623;1218;Le Grand-Saconnex
955;3432;Lützelflüh
2963;8262;Ramsen
4651;8274;Gottlieben
4026;5408;Ennetbaden
97;8153;Rümlang
4033;5507;Mellingen
4277;5054;Moosleerau
4004;5025;Densbüren
3204;9300;Wittenbach
2575;4629;Fulenbach
5207;6986;Novaggio
5230;6992;Vernate
5238;6802;Monteceneri
2850;4447;Känerkinden
2841;4469;Anwil
2885;4458;Eptingen
2825;4414;Füllinsdorf
4194;5606;Dintikon
3733;7015;Tamins
2476;4112;Hofstetten-Flüh
2475;4146;Hochwald
3315;8718;Schänis
4206;5102;Rupperswil
614;3673;Linden
3359;9656;Wildhaus-Alt St. Johann
3341;8725;Gommiswald
3033;9405;Lutzenberg
4901;8585;Birwinken
381;3296;Arch
1505;6373;Ennetbürgen
1001;6112;Doppleschwand
1033;6034;Inwil
1065;6037;Root
1093;6016;Neuenkirch
1025;6294;Ermensee
1632;8759;Glarus
6787;2933;Damphreux
6793;2933;Lugnez
502;3234;Vinelz
6758;2874;Saint-Brais
742;2572;Mörigen
6751;2875;Montfaucon
756;2512;Twann-Tüscherz
500;3226;Treiten
6807;2923;Basse-Allaine
687;2747;Corcelles (BE)
681;2744;Belprahon
701;2742;Perrefitte
6719;2807;Pleigne
791;3766;Boltigen
713;2710;Tavannes
362;3048;Ittigen
671;3207;Wileroltigen
4911;8575;Bürglen (TG)
1059;6010;Kriens
3954;7208;Malans
3784;7504;Pontresina
3988;7137;Obersaxen Mundaun
3981;7162;Breil/Brigels
5009;6810;Isone
6021;1957;Ardon
6022;1955;Chamoson
6140;1913;Saillon
424;3472;Wynigen
3834;6535;Roveredo (GR)
3714;7438;Rheinwald
6294;3933;Staldenried
1207;6454;Flüelen
1211;6461;Isenthal
4110;5236;Remigen
4254;4313;Möhlin
4259;4325;Schupfart
4262;4317;Wegenstetten
4163;5070;Frick
4261;4323;Wallbach
335;4943;Oeschenbach
326;4955;Gondiswil
409;3324;Hindelbank
593;3800;Unterseen
2162;1665;Bas-Intyamon
2260;3215;Gempenach
2063;1681;Billens-Hennens
2066;1608;Chapelle (Glâne)
2259;3285;Galmiz
2061;1673;Auboranges
2134;1666;Grandvillard
3986;7187;Tujetsch
382;3263;Büetigen
5426;1172;Bougy-Villars
4082;5610;Wohlen (AG)
5511;1042;Assens
5553;1424;Champagne
5564;1431;Novalles
5554;1426;Concise
5853;1183;Bursins
5859;1185;Mont-sur-Rolle
5680;1045;Ogens
5529;1377;Oulens-sous-Echallens
5655;1169;Yens
5728;1274;Signy-Avenex
5489;1031;Mex (VD)
5566;1428;Provence
5707;1279;Chavannes-de-Bogis
5792;1081;Montpreveyres
5310;6690;Cevio
5324;6670;Avegno Gordevio
151;8703;Erlenbach (ZH)
6110;3952;Leuk
218;8548;Ellikon an der Thur
93;8165;Oberweningen
138;8805;Richterswil
213;8311;Brütten
59;8182;Hochfelden
65;8425;Oberembrach
3235;9424;Rheineck
4946;8570;Weinfelden
4495;9216;Hohentannen
2465;4581;Buchegg
1501;6375;Beckenried
6625;1248;Hermance
1321;8834;Feusisberg
406;3415;Hasle bei Burgdorf
3256;9464;Rüthi (SG)
2937;8212;Neuhausen am Rheinfall
940;3623;Teuffenthal (BE)
3213;9403;Goldach
4641;8595;Altnau
4012;5034;Suhr
4047;5303;Würenlingen
3426;9523;Zuzwil (SG)
4207;5503;Schafisheim
154;8700;Küsnacht (ZH)
176;8315;Lindau
5198;6815;Melide
5144;6822;Arogno
5251;6877;Coldrerio
5236;6925;Collina d'Oro
6201;3944;Unterbäch
2824;4402;Frenkendorf
2859;4444;Rümlingen
2831;4133;Pratteln
932;3623;Horrenbach-Buchen
1206;6472;Erstfeld
4746;9542;Münchwilen (TG)
2456;4584;Lüterswil-Gächliwil
3901;7000;Chur
4561;8552;Felben-Wellhausen
3291;7310;Bad Ragaz
3024;9052;Teufen (AR)
3001;9100;Herisau
4169;5082;Kaisten
5871;1346;L'Abbaye
1097;6221;Rickenbach (LU)
1128;6217;Ettiswil
1091;6216;Mauensee
1099;6214;Schenkon
563;3714;Frutigen
566;3704;Krattigen
921;3633;Amsoldingen
567;3711;Reichenbach im Kandertal
628;3532;Zäziwil
929;3626;Hilterfingen
6806;2943;Vendlincourt
6708;2830;Courrendlin
866;3115;Gerzensee
863;3664;Burgistein
5063;6781;Bedretto
445;2615;Sonvilier
2493;4654;Lostorf
4065;5605;Dottikon
6033;1945;Liddes
6287;3928;Randa
2424;4715;Herbetswil
1213;6467;Schattdorf
4077;5522;Tägerig
4093;5244;Birrhard
4252;4303;Kaiseraugst
980;3375;Inkwil
973;3366;Bettenhausen
345;4923;Wynau
5817;1543;Grandcour
2155;1627;Vaulruz
2153;1642;Sorens
2177;1744;Chénens
2197;1762;Givisiez
2266;3213;Kleinbösingen
2115;1748;Torny
2257;1785;Cressier (FR)
661;1595;Clavaleyres
1056;6404;Greppen
3252;9452;Eichberg
344;4937;Ursenbach
4271;4663;Aarburg
4451;8592;Uttwil
2123;1652;Botterens
2125;1630;Bulle
700;2740;Moutier
5551;1427;Bonvillars
5411;1864;Ormont-Dessus
5754;1326;Juriens
5485;1117;Grancy
5634;1112;Echichens
5498;1315;La Sarraz
5716;1262;Eysins
5674;1682;Lovatens
5652;1168;Villars-sous-Yens
5562;1453;Mauborget
5568;1450;Sainte-Croix
5708;1290;Chavannes-des-Bois
5903;1407;Bioley-Magnoux
5661;1063;Boulens
5625;1136;Bussy-Chardonney
5610;1071;Saint-Saphorin (Lavaux)
5828;1538;Treytorrens (Payerne)
5497;1318;Pompaples
5516;1053;Cugy (VD)
5494;1142;Pampigny
5535;1040;Saint-Barthélemy (VD)
6172;3983;Bister
6282;3922;Eisten
5121;6644;Orselina
5048;6722;Acquarossa
5396;6652;Terre di Pedemonte
155;8708;Männedorf
6109;3953;Inden
23;8415;Berg am Irchel
111;8344;Bäretswil
10;8912;Obfelden
297;8493;Bauma
241;8904;Aesch (ZH)
84;8108;Dällikon
68;8427;Rorbas
6265;1965;Savièse
4314;5465;Mellikon
2546;2540;Grenchen
6628;1200;Lancy
6634;1211;Pregny-Chambésy
3762;7550;Scuol
4048;5436;Würenlos
4144;5040;Schöftland
1208;6487;Göschenen
5756;1354;Montcherand
4136;5043;Holziken
4005;5017;Erlinsbach (AG)
4284;5053;Staffelbach
1366;6433;Morschach
6137;1921;Martigny-Combe
5199;6805;Mezzovico-Vira
5219;6821;Rovio
5197;6818;Melano
5200;6986;Miglieglia
329;4900;Langenthal
2823;4416;Bubendorf
2894;4425;Titterten
2833;4411;Seltisberg
2616;4232;Fehren
2761;4147;Aesch (BL)
2275;3280;Murten
4276;5742;Kölliken
4611;8512;Thundorf
5061;6780;Airolo
988;3365;Seeberg
391;3298;Oberwil bei Büren
1137;6244;Nebikon
1082;6233;Büron
1125;6211;Dagmersellen
2781;4223;Blauen
580;3858;Hofstetten bei Brienz
6782;2952;Cornol
6759;2887;Soubey
3212;9034;Eggersriet
3783;7523;Madulain
4263;4314;Zeiningen
6416;2012;Milvignes
1367;6436;Muotathal
627;3075;Worb
2499;4655;Stüsslingen
2585;5746;Walterswil (SO)
6211;1903;Collonges
2581;4600;Olten
3672;7104;Safiental
4506;8583;Sulgen
4099;5245;Habsburg
3298;8880;Walenstadt
879;3099;Riggisberg
2492;4468;Kienberg
4251;4316;Hellikon
4023;8962;Bergdietikon
4198;5604;Hendschiken
4310;5322;Koblenz
4256;4324;Obermumpf
4205;5504;Othmarsingen
4264;4315;Zuzgen
992;3380;Wangen an der Aare
2861;4450;Sissach
587;3800;Matten bei Interlaken
2292;1719;Brünisried
6433;2318;Brot-Plamboz
2309;3175;Wünnewil-Flamatt
2121;1669;Haut-Intyamon
2027;1533;Ménières
2206;1723;Marly
1374;6416;Steinerberg
3211;9305;Berg (SG)
2553;4515;Oberdorf (SO)
2548;4535;Hubersdorf
2131;1646;Echarlens
5471;1042;Bettens
5637;1175;Lavigny
5582;1033;Cheseaux-sur-Lausanne
5628;1134;Chigny
5638;1027;Lonay
5491;1148;Mont-la-Ville
5713;1299;Crans (VD)
5639;1132;Lully (VD)
5522;1044;Fey
5490;1148;Moiry
5515;1053;Bretigny-sur-Morrens
5315;6682;Linescio
3782;7505;Celerina/Schlarigna
3792;7516;Bregaglia
102;8187;Weiach
4806;8264;Eschenz
95;8158;Regensberg
180;8484;Weisslingen
40;8465;Trüllikon
214;8471;Dägerlen
135;8802;Kilchberg (ZH)
195;8122;Maur
2939;8200;Schaffhausen
6267;1993;Veysonnaz
1132;6133;Hergiswil bei Willisau
3215;9400;Rorschach
2931;8233;Bargen (SH)
2961;8263;Buch (SH)
3746;7527;Zernez
3764;7556;Valsot
979;3360;Herzogenbuchsee
1703;6331;Hünenberg
5757;1350;Orbe
4303;5314;Böttstein
3201;9308;Häggenschwil
5210;6900;Paradiso
5192;6900;Lugano
5193;6983;Magliaso
5194;6928;Manno
5189;6814;Lamone
4173;5062;Oberhof
2843;4446;Buckten
2882;4431;Bennwil
2619;4245;Kleinlützel
4009;5037;Muhen
2271;3280;Meyriez
4864;8266;Steckborn
4421;9326;Horn
3025;9043;Trogen
5873;1343;Le Lieu
1088;6024;Hildisrieden
1008;6170;Schüpfheim
495;3236;Gampelen
944;3661;Uetendorf
735;3272;Epsach
632;3114;Wichtrach
877;3087;Niedermuhlern
739;2563;Ipsach
491;3237;Brüttelen
736;2575;Hagneck
6800;2900;Porrentruy
869;3126;Kaufdorf
902;3550;Langnau im Emmental
792;3775;Lenk
3861;7235;Fideris
1212;6491;Realp
1145;6153;Ufhusen
5196;6900;Massagno
6741;2877;Le Bémont (JU)
4145;5723;Teufenthal (AG)
6139;1908;Riddes
6134;1914;Isérables
4401;9320;Arbon
3442;9030;Gaiserwald
3401;9113;Degersheim
1205;6463;Bürglen (UR)
4167;5075;Hornussen
4776;9554;Tobel-Tägerschen
971;4536;Attiswil
951;3416;Affoltern im Emmental
415;3421;Lyssach
4313;5316;Leuggern
2068;1553;Châtonnaye
6504;2117;La Côte-aux-Fées
2173;1742;Autigny
1361;8849;Alpthal
594;3812;Wilderswil
731;2558;Aegerten
5636;1163;Etoy
333;4917;Melchnau
2525;4566;Kriegstetten
3111;9413;Oberegg
5746;1372;Bavois
5484;1124;Gollion
5913;1407;Donneloye
5819;1525;Henniez
5749;1373;Chavornay
5421;1143;Apples
5882;1801;Chardonne
5785;1082;Corcelles-le-Jorat
5798;1088;Ropraz
5884;1808;Corsier-sur-Vevey
5607;1070;Puidoux
5496;1303;Penthaz
5624;1030;Bussigny
6111;3954;Leukerbad
3340;8640;Rapperswil-Jona
139;8803;Rüschlikon
71;8196;Wil (ZH)
37;8475;Ossingen
55;8193;Eglisau
245;8102;Oberengstringen
5715;1266;Duillier
6253;3971;Crans-Montana
6194;3943;Eischoll
3441;9204;Andwil (SG)
6192;3919;Blatten
953;4952;Eriswil
4461;8580;Amriswil
6602;1247;Anières
6604;1285;Avusy
6609;1236;Cartigny
6613;1225;Chêne-Bourg
6618;1232;Confignon
3295;8877;Quarten
2974;8217;Wilchingen
4024;5413;Birmenstorf (AG)
746;2553;Safnern
301;3270;Aarberg
4022;5454;Bellikon
4696;8274;Tägerwilen
94;8112;Otelfingen
2402;4624;Härkingen
4229;5624;Bünzen
5237;6939;Alto Malcantone
4165;5073;Gipf-Oberfrick
2869;4455;Zunzgen
2842;4461;Böckten
2847;4445;Häfelfingen
2891;4435;Niederdorf
3847;7532;Val Müstair
3670;7427;Urmein
2613;4226;Breitenbach
446;2720;Tramelan
3202;9313;Muolen
351;3000;Bern
1026;6274;Eschenbach (LU)
1067;6044;Udligenswil
1142;6265;Roggliswil
1100;6231;Schlierbach
6718;2812;Movelier
665;3208;Gurbrü
703;2732;Reconvilier
885;3628;Uttigen
947;3645;Zwieselberg
536;3053;Diemerswil
6773;2935;Beurnevésin
783;6083;Hasliberg
784;3862;Innertkirchen
740;2514;Ligerz
562;3703;Aeschi bei Spiez
582;3807;Iseltwald
564;3716;Kandergrund
358;3066;Stettlen
945;3614;Unterlangenegg
6722;2873;Saulcy
769;3752;Wimmis
6035;1933;Sembrancher
3881;7241;Conters im Prättigau
3982;7180;Disentis/Mustér
3582;7151;Schluein
3871;7249;Klosters
6742;2336;Les Bois
4841;8505;Pfyn
4590;8553;Hüttlingen
576;3816;Grindelwald
3544;7482;Bergün Filisur
3238;9443;Widnau
4724;8360;Eschlikon
200;8306;Wangen-Brüttisellen
1209;6476;Gurtnellen
1203;6468;Attinghausen
4042;5300;Turgi
4172;4333;Münchwilen (AG)
5409;1867;Ollon
410;3429;Höchstetten
324;3368;Bleienbach
4282;4852;Rothrist
403;3323;Bäriswil
2016;1532;Fétigny
6512;2103;Val-de-Travers
2186;1741;Cottens (FR)
2196;1700;Fribourg
2238;1732;Bois-d'Amont
2054;1486;Estavayer
2305;3185;Schmitten (FR)
2045;1565;Vallon
2325;1618;Châtel-Saint-Denis
2272;1721;Misery-Courtion
2301;1718;Rechthalten
4184;5273;Mettauertal
3835;6534;San Vittore
6421;2300;La Chaux-de-Fonds
3104;9054;Schlatt-Haslen
5425;1145;Bière
2407;4702;Oensingen
1151;6126;Willisau
5706;1277;Borex
5486;1148;L'Isle
5890;1800;Vevey
5413;1852;Roche (VD)
5482;1312;Eclépens
5530;1416;Pailly
5645;1122;Romanel-sur-Morges
5632;1026;Denges
5064;6743;Bodio
5125;6613;Ronco sopra Ascona
5131;6598;Tenero-Contra
5323;6692;Lavizzara
923;3615;Buchholterberg
1702;6330;Cham
1706;6315;Oberägeri
3352;9642;Ebnat-Kappel
939;3612;Steffisburg
87;8115;Hüttikon
136;8135;Langnau am Albis
88;8173;Neerach
199;8604;Volketswil
12;8911;Rifferswil
6261;1974;Arbaz
6254;3973;Noble-Contrée
733;2555;Brügg
546;3053;Münchenbuchsee
6619;1246;Corsier (GE)
6631;1213;Onex
2953;8225;Siblingen
906;6197;Schangnau
603;3507;Biglen
6436;2400;Le Locle
4851;8268;Salenstein
4001;5000;Aarau
5186;6916;Grancia
3823;6562;Soazza
2884;4457;Diegten
2828;4415;Lausen
785;3857;Meiringen
4701;8564;Wäldi
3105;9057;Schwende
3637;7405;Rothenbrunnen
2773;4153;Reinach (BL)
4666;8565;Kemmental
3732;7017;Flims
3734;7014;Trin
5266;6854;Stabio
4471;9220;Bischofszell
3296;7320;Sargans
957;3454;Sumiswald
5744;1338;Ballaigues
1509;6370;Stans
1150;6144;Zell (LU)
1037;6026;Rain
1129;6145;Fischbach
1054;6030;Ebikon
1002;6160;Entlebuch
6724;2805;Soyhières
691;2746;Crémines
6713;2813;Ederswiler
6810;2946;La Baroche
2789;4224;Nenzlingen
588;3853;Niederried bei Interlaken
782;3864;Guttannen
747;2556;Scheuren
6730;2824;Val Terbi
386;3293;Dotzigen
622;3629;Oppligen
610;3671;Herbligen
2790;2814;Roggenburg
3619;7126;Ilanz/Glion
3781;7502;Bever
1066;6013;Schwarzenberg
4318;5425;Schneisingen
4431;9306;Roggwil (TG)
4501;9217;Kradolf-Schönenberg
4074;8966;Oberwil-Lieli
5585;1008;Jouxtens-Mézery
4921;9503;Bussnang
4112;5235;Rüfenach
3276;9476;Wartau
1214;6462;Seedorf (UR)
4233;5625;Kallern
4240;5622;Waltenschwil
4193;5505;Brunegg
4197;5705;Hallwil
4125;5107;Schinznach
4260;4332;Stein (AG)
2235;1782;La Sonnaz
2299;1716;Plaffeien
2328;1614;Granges (Veveyse)
6413;2019;Rochefort
2079;1686;Grangettes
2236;1695;Gibloux
2050;1483;Les Montets
2029;1774;Montagny (FR)
2086;1692;Massonnens
2140;1633;Marsens
5464;1584;Vully-les-Lacs
1364;6440;Ingenbohl
1069;6353;Weggis
1370;6418;Rothenthurm
584;3822;Lauterbrunnen
62;8059;Kloten
3003;9105;Schönengrund
3603;7132;Vals
5883;1802;Corseaux
5481;1304;Dizy
5540;1041;Montilliez
5609;1071;Rivaz
5799;1077;Servion
5415;1853;Yvorne
5720;1271;Givrins
5937;1431;Vugelles-La Mothe
5933;1441;Valeyres-sous-Montagny
5408;1845;Noville
5742;1352;Agiez
6052;3997;Bellwald
5108;6596;Gordola
295;8816;Horgen
1711;6300;Zug
4316;5323;Rietheim
53;8180;Bülach
119;8607;Seegräben
225;8545;Rickenbach (ZH)
6289;3908;Saas-Balen
4046;5512;Wohlenschwil
1345;8864;Reichenburg
3921;7050;Arosa
6621;1200;Genève
6644;1290;Versoix
6640;1226;Thônex
6643;1214;Vernier
6607;1233;Bernex
6191;3938;Ausserberg
2904;8213;Neunkirch
4643;8598;Bottighofen
496;3232;Ins
5160;6867;Brusino Arsizio
5212;6946;Ponte Capriasca
5213;6988;Ponte Tresa
2857;4462;Rickenbach (BL)
4601;8525;Neunforn
3662;7426;Flerden
3663;7425;Masein
3633;7413;Fürstenau
3731;7012;Felsberg
2783;4117;Burg im Leimental
3911;7062;Churwalden
3237;9422;Thal
2702;4126;Bettingen
6133;1926;Fully
1341;8852;Altendorf
3021;9055;Bühler
3023;9037;Speicher
3316;8872;Weesen
3374;9620;Lichtensteig
3360;9643;Nesslau
3034;9038;Rehetobel
2428;4719;Mümliswil-Ramiswil
3038;9427;Wolfhalden
1146;6242;Wauwil
1040;6023;Rothenburg
711;2736;Sorvilier
442;2538;Romont (BE)
755;3252;Worben
761;3763;Därstetten
607;3510;Freimettigen
867;3663;Gurzelen
938;3654;Sigriswil
450;2603;Péry-La Heutte
612;3503;Konolfingen
589;3854;Oberried am Brienzersee
668;3203;Mühleberg
666;3179;Kriechenwil
662;3206;Ferenbalm
868;3629;Jaberg
6775;2944;Bonfol
498;3225;Müntschemier
357;3096;Oberbalm
337;4914;Roggwil (BE)
3255;9445;Rebstein
3863;7231;Jenaz
3882;7240;Küblis
1202;6490;Andermatt
4234;5634;Merenschwand
3788;7525;S-chanf
6034;1943;Orsières
2495;5013;Niedergösgen
2500;4632;Trimbach
6213;1902;Evionnaz
6218;1923;Salvan
6135;1912;Leytron
5589;1008;Prilly
4411;9315;Egnach
4097;5077;Elfingen
4606;9507;Stettfurt
1348;8857;Vorderthal
4106;5237;Mönthal
4076;5614;Sarmenstorf
985;3367;Ochlenberg
907;3534;Signau
414;3325;Krauchthal
4791;9514;Wuppenau
581;3800;Interlaken
3312;8717;Benken (SG)
5822;1530;Payerne
6511;2126;Les Verrières
2333;1617;Remaufens
5451;1580;Avenches
2137;1648;Hauteville
2265;3210;Kerzers
2234;1745;La Brillaz
2053;1563;Belmont-Broye
2087;1684;Mézières (FR)
2250;1796;Courgevaux
4037;5452;Oberrohrdorf
3254;9451;Oberriet (SG)
198;8606;Uster
2425;4718;Holderbank (SO)
4801;8267;Berlingen
3275;9475;Sevelen
2528;4564;Obergerlafingen
2541;4525;Balm bei Günsberg
5571;1423;Tévenon
5557;1421;Fontaines-sur-Grandson
5885;1805;Jongny
5518;1040;Echallens
5629;1127;Clarmont
6152;1868;Collombey-Muraz
5911;1404;Cuarny
5560;1421;Grandevent
5909;1400;Cheseaux-Noréaz
954;4950;Huttwil
6205;3991;Bettmeralp
6203;3983;Mörel-Filet
392;2542;Pieterlen
5115;6618;Losone
5397;6655;Centovalli
5317;6677;Maggia
371;2500;Biel/Bienne
1709;6314;Unterägeri
4831;8555;Müllheim
393;3295;Rüti bei Büren
619;3672;Oberdiessbach
137;8942;Oberrieden
181;8492;Wila
244;8954;Geroldswil
31;8444;Henggart
196;8617;Mönchaltorf
243;8953;Dietikon
63;8426;Lufingen
6238;3979;Grône
5268;6833;Vacallo
6202;3918;Wiler (Lötschen)
6620;1283;Dardagny
6603;1237;Avully
6624;1251;Gy
6608;1200;Carouge (GE)
6612;1224;Chêne-Bougeries
6198;3942;Niedergesteln
6297;3930;Visp
2932;8222;Beringen
2933;8454;Buchberg
1363;6434;Illgau
2858;4467;Rothenfluh
2892;4436;Oberdorf (BL)
2881;4424;Arboldswil
2832;4433;Ramlinsburg
3669;7428;Tschappina
3721;7402;Bonaduz
2772;4148;Pfeffingen
2472;4413;Büren (SO)
1403;6074;Giswil
1402;6388;Engelberg
2445;4585;Biezwil
3372;9633;Hemberg
3379;9622;Wattwil
4040;8957;Spreitenbach
332;4934;Madiswil
5872;1341;Le Chenit
4486;9213;Hauptwil-Gottshaus
193;8117;Fällanden
1502;6374;Buochs
1131;6146;Grossdietwil
1136;6122;Menznau
1123;6246;Altishofen
1084;6205;Eich
363;3072;Ostermundigen
6774;2926;Boncourt
6789;2916;Fahy
880;3088;Rüeggisberg
717;2733;Valbirse
941;3634;Thierachern
909;3555;Trubschachen
605;3533;Bowil
3985;7172;Sumvitg
3219;9033;Untereggen
434;2608;Courtelary
6753;2338;Muriaux
2422;4710;Balsthal
2408;4628;Wolfwil
321;4912;Aarwangen
4039;5453;Remetschwil
3810;6541;Santa Maria in Calanca
841;3784;Gsteig
2427;4713;Matzendorf
6293;3922;Stalden (VS)
2571;4618;Boningen
4138;5725;Leutwil
4161;5074;Eiken
3832;6537;Grono
990;3380;Walliswil bei Niederbipp
995;4537;Wiedlisbach
336;4919;Reisiswil
323;4913;Bannwil
411;3309;Kernenried
543;3322;Mattstetten
2337;1699;Le Flon
2284;1788;Mont-Vully
2233;1725;Hauterive (FR)
2152;1626;Sâles
6435;2405;La Chaux-du-Milieu
2044;1528;Surpierre
4711;9556;Affeltrangen
2547;4524;Günsberg
743;2560;Nidau
5919;1438;Mathod
5622;1121;Bremblens
5934;1412;Valeyres-sous-Ursins
5669;1521;Curtilles
5939;1462;Yvonand
5709;1275;Chéserex
5563;1428;Mutrux
5912;1415;Démoret
5929;1433;Suchy
5487;1307;Lussery-Villars
5604;1072;Forel (Lavaux)
5889;1814;La Tour-de-Peilz
5805;1607;Oron
5412;1847;Rennaz
5500;1141;Sévery
5136;6662;Onsernone
5398;6571;Gambarogno
6102;3955;Albinen
6119;3948;Turtmann-Unterems
4062;8965;Berikon
246;8955;Oetwil an der Limmat
211;8479;Altikon
248;8142;Uitikon
242;8903;Birmensdorf (ZH)
7;8934;Knonau
8;8933;Maschwanden
24;8414;Buch am Irchel
292;8468;Stammheim
221;8442;Hettlingen
298;8542;Wiesendangen
197;8603;Schwerzenbach
160;8126;Zumikon
5724;1260;Nyon
5257;6834;Morbio Inferiore
35;8460;Marthalen
6076;3988;Obergoms
1323;8832;Wollerau
2936;8232;Merishausen
2973;8219;Trasadingen
5755;1357;Lignerolle
191;8600;Dübendorf
3253;9437;Marbach (SG)
5203;6922;Morcote
5161;6936;Cademario
5233;6921;Vico Morcote
5225;6924;Sorengo
2856;4466;Ormalingen
2518;4554;Etziken
6285;3925;Grächen
2762;4123;Allschwil
981;4704;Niederbipp
1407;6056;Sarnen
1405;6078;Lungern
4761;8370;Sirnach
4075;8964;Rudolfstetten-Friedlisberg
3002;9064;Hundwil
1023;6275;Ballwil
1085;6232;Geuensee
1005;6166;Hasle (LU)
1103;6210;Sursee
1007;6113;Romoos
579;3804;Habkern
853;3153;Rüschegg
888;3086;Wald (BE)
794;3770;Zweisimmen
852;1738;Guggisberg
6784;2950;Courgenay
449;2535;Sauge
372;2532;Evilard
707;2732;Saules (BE)
6710;2852;Courtételle
359;3067;Vechigen
734;3274;Bühl
6702;2856;Boécourt
715;2717;Rebévelier
4006;5722;Gränichen
2501;4652;Winznau
6212;1905;Dorénaz
6024;1997;Nendaz
573;3855;Brienz (BE)
4084;8905;Islisberg
2580;4616;Kappel (SO)
578;3815;Gündlischwand
1216;6473;Silenen
4133;5736;Burg (AG)
4306;5467;Fisibach
421;3472;Rumendingen
405;3423;Ersigen
991;3377;Walliswil bei Wangen
982;3362;Niederönz
2526;4573;Lohn-Ammannsegg
2041;1566;Saint-Aubin (FR)
2254;1791;Courtepin
2102;1675;Ursy
5813;1545;Chevroux
2294;1735;Giffers
6451;2087;Cornaux
5458;1595;Faoug
5254;6850;Mendrisio
3313;8722;Kaltbrunn
4322;5463;Wislikofen
5435;1176;Saint-Livres
4476;8586;Erlen
2530;4565;Recherswil
2543;2544;Bettlach
3004;9103;Schwellbrunn
5520;1417;Essertines-sur-Yverdon
5806;1083;Jorat-Mézières
5861;1180;Rolle
5475;1148;Chavannes-le-Veyron
6159;1896;Vouvry
5914;1434;Ependes (VD)
5654;1115;Vullierens
5621;1123;Aclens
5512;1038;Bercher
5705;1279;Bogis-Bossey
5673;1513;Hermenches
3297;7323;Vilters-Wangs
6010;3913;Termen
4223;5644;Auw
5287;6705;Riviera
1704;6313;Menzingen
57;8428;Freienstein-Teufen
227;8472;Seuzach
100;8174;Stadel
182;8489;Wildberg
91;8166;Niederweningen
82;8113;Boppelsen
220;8523;Hagenbuch
67;8197;Rafz
32;8457;Humlikon
304;3283;Kallnach
3561;7742;Poschiavo
58;8192;Glattfelden
4671;8280;Kreuzlingen
6611;1284;Chancy
6642;1253;Vandoeuvres
6626;1254;Jussy
6632;1258;Perly-Certoux
6639;1286;Soral
54;8305;Dietlikon
5583;1023;Crissier
4231;6042;Dietwil
4008;5022;Küttigen
4871;8259;Wagenhausen
5167;6952;Canobbio
2868;4495;Zeglingen
2821;4422;Arisdorf
6283;3926;Embd
6408;2016;Cortaillod
4083;5621;Zufikon
2621;4208;Nunningen
2612;4229;Beinwil (SO)
2618;4204;Himmelried
2617;4247;Grindel
2480;4206;Seewen
3005;9063;Stein (AR)
4034;5432;Neuenhof
112;8608;Bubikon
5765;1325;Vaulion
3946;7204;Untervaz
1506;6372;Ennetmoos
4121;5233;Villigen
683;2735;Champoz
2791;4244;Röschenz
924;3619;Eriz
943;3635;Uebeschi
670;3176;Neuenegg
6721;2842;Rossemaison
592;3855;Schwanden bei Brienz
767;3647;Reutigen
716;2717;Petit-Val
630;3112;Allmendingen
6703;2803;Bourrignon
6783;2922;Courchavon
903;3438;Lauperswil
3711;7430;Rongellen
3961;7214;Grüsch
3581;7152;Sagogn
3575;7031;Laax
3947;7205;Zizers
3891;7223;Luzein
3951;7306;Fläsch
4200;5502;Hunzenschwil
435;2333;La Ferrière
433;2607;Cortébert
6743;2345;Les Breuleux
92;8154;Oberglatt
2583;5012;Schönenwerd
2573;4657;Dulliken
6214;1925;Finhaut
4786;9535;Wilen (TG)
3952;7307;Jenins
4545;8253;Diessenhofen
2421;4714;Aedermannsdorf
4302;5334;Böbikon
4164;5272;Gansingen
989;3367;Thörigen
402;3473;Alchenstorf
901;3536;Eggiwil
4311;5325;Leibstadt
5003;6593;Cadenazzo
541;3305;Iffwil
557;3303;Zuzwil (BE)
535;3053;Deisswil bei Münchenbuchsee
4307;5324;Full-Reuenthal
2198;1763;Granges-Paccot
2089;1674;Montet (Glâne)
669;1797;Münchenwiler
2307;1734;Tentlingen
2051;1567;Delley-Portalban
4072;5524;Niederwil (AG)
5427;1173;Féchy
4646;8272;Ermatingen
4716;9553;Bettwiesen
6154;1897;Port-Valais
5703;1269;Bassins
5493;1317;Orny
5678;1510;Moudon
5499;1304;Senarclens
5741;1355;L'Abergement
5643;1028;Préverenges
5932;1412;Ursins
5910;1406;Cronay
5431;1146;Mollens (VD)
5722;1274;Grens
5860;1166;Perroy
5414;1844;Villeneuve (VD)
5723;1295;Mies
5858;1184;Luins
5514;1041;Bottens
5704;1268;Begnins
228;8488;Turbenthal
34;8248;Laufen-Uhwiesen
2;8910;Affoltern am Albis
247;8010;Schlieren
6266;1950;Sion
6252;3961;Anniviers
1631;8756;Glarus Süd
5242;6828;Balerna
6195;3917;Ferden
3402;9230;Flawil
4656;8594;Güttingen
793;3772;St. Stephan
4881;8514;Amlikon-Bissegg
4308;5466;Kaiserstuhl
2919;8234;Stetten (SH)
2915;8239;Dörflingen
4811;8506;Herdern
4723;9502;Braunau
3945;7201;Trimmis
4010;5036;Oberentfelden
1375;8845;Unteriberg
230;8400;Winterthur
177;8330;Pfäffikon
4228;5623;Boswil
5180;6944;Cureglia
5214;6948;Porza
5195;6817;Maroggia
5146;6999;Astano
3273;9472;Grabs
2846;4460;Gelterkinden
2829;4410;Liestal
4081;8967;Widen
4204;5702;Niederlenz
2768;4107;Ettingen
2615;4228;Erschwil
2766;4127;Birsfelden
4071;8916;Jonen
3022;9056;Gais
4536;8254;Basadingen-Schlattingen
1511;6386;Wolfenschiessen
1095;6208;Oberkirch
1081;6215;Beromünster
925;3617;Fahrni
706;2712;Saicourt
438;2534;Orvin
613;3434;Landiswil
6745;2875;Les Enfers
572;3806;Bönigen
501;3233;Tschugg
843;1657;Saanen
931;3622;Homberg
623;3113;Rubigen
754;3272;Walperswil
571;3803;Beatenberg
354;3037;Kirchlindach
958;3453;Trachselwald
6729;2853;Haute-Sorne
6298;3932;Visperterminen
3983;7184;Medel (Lucmagn)
4031;5444;Künten
2513;4562;Biberist
3292;8890;Flums
4029;5412;Gebenstorf
5586;1000;Lausanne
387;2543;Lengnau (BE)
4315;5332;Rekingen (AG)
5002;6500;Bellinzona
5590;1009;Pully
2457;3254;Messen
1701;6319;Baar
2304;1717;St. Ursen
2226;1733;Treyvaux
5841;1660;Château-d'Oex
2300;1737;Plasselb
6432;2406;La Brévine
2296;1714;Heitenried
2261;3280;Greng
3233;9442;Berneck
3394;9607;Mosnang
1135;6154;Luthern
4239;5643;Sins
6454;2068;Hauterive (NE)
3232;9436;Balgach
3851;7260;Davos
4209;5703;Seon
4224;5637;Beinwil (Freiamt)
2545;4534;Flumenthal
5403;1846;Chessel
5763;1358;Valeyres-sous-Rances
5926;1405;Pomy
5747;1353;Bofflens
5831;1523;Valbroye
5640;1167;Lussy-sur-Morges
5623;1164;Buchillon
5718;1272;Genolier
5565;1425;Onnens (VD)
5766;1445;Vuiteboeuf
5922;1442;Montagny-près-Yverdon
5714;1263;Crassier
5924;1430;Orges
5138;6516;Cugnasco-Gerra
5071;6774;Dalpe
86;8157;Dielsdorf
28;8416;Flaach
39;8478;Thalheim an der Thur
117;8340;Hinwil
131;8134;Adliswil
41;8467;Truttikon
61;8194;Hüntwangen
29;8247;Flurlingen
141;8136;Thalwil
4;8915;Hausen am Albis
4131;5712;Beinwil am See
4079;8918;Unterlunkhofen
6232;3967;Chalais
6113;3970;Salgesch
6025;1963;Vétroz
6077;3989;Goms
6197;3917;Kippel
3752;7562;Samnaun
6641;1256;Troinex
6637;1281;Russin
6606;1293;Bellevue
6004;3939;Eggerberg
6281;3937;Baltschieder
2511;4556;Aeschi (SO)
4183;5079;Zeihen
2903;8224;Löhningen
2938;8455;Rüdlingen
608;3506;Grosshöchstetten
4236;5630;Muri (AG)
3837;6543;Calanca
4951;8554;Wigoltingen
2503;5015;Erlinsbach (SO)
4003;5033;Buchs (AG)
2401;4622;Egerkingen
723;2520;La Neuveville
2844;4463;Buus
2848;4465;Hemmiken
2854;4453;Nusshof
3101;9050;Appenzell
6712;2802;Develier
2764;4105;Biel-Benken
2479;4118;Rodersdorf
2769;4023;Münchenstein
2576;5014;Gretzenbach
4111;5223;Riniken
3375;9126;Oberhelfenschwil
616;3110;Münsingen
4756;8577;Schönholzerswilen
172;8320;Fehraltorf
116;8627;Grüningen
1086;6022;Grosswangen
1127;6243;Egolzwil
1083;6018;Buttisholz
744;2552;Orpund
311;3054;Schüpfen
855;3148;Schwarzenburg
444;2605;Sonceboz-Sombeval
407;3412;Heimiswil
3638;7412;Scharans
6217;1890;Saint-Maurice
6215;1869;Massongex
115;8614;Gossau (ZH)
4416;8580;Hefenhofen
4092;5242;Birr
2578;4617;Gunzgen
1369;6452;Riemenstalden
4094;5076;Bözen
4124;5225;Bözberg
4166;5027;Herznach
4255;4322;Mumpf
4199;5113;Holderbank (AG)
338;4938;Rohrbach
6056;3995;Ernen
2216;1723;Pierrafortscha
2228;1752;Villars-sur-Glâne
2200;1772;Grolley
2335;1609;Saint-Martin (FR)
2217;1772;Ponthaux
2025;1470;Lully (FR)
2237;1747;Prez
6487;2043;Val-de-Ruz
1368;8843;Oberiberg
6009;3907;Simplon
6706;2825;Courchapoix
3339;8730;Uznach
6422;2325;Les Planchettes
5851;1165;Allaman
4446;8580;Sommeri
2430;4716;Welschenrohr-Gänsbrunnen
2514;4556;Bolken
2549;4535;Kammersrohr
2128;1653;Châtel-sur-Montsalvens
5423;1144;Ballens
5537;1040;Villars-le-Terroir
5651;1029;Villars-Sainte-Croix
5523;1055;Froideville
5430;1261;Marchissy
5613;1096;Bourg-en-Lavaux
5527;1054;Morrens (VD)
5719;1276;Gingins
6157;1873;Val-d'Illiez
5717;1297;Founex
5541;1376;Goumoëns
5852;1195;Bursinel
5748;1329;Bretonnières
5665;1512;Chavannes-sur-Moudon
5555;1426;Corcelles-près-Concise
5633;1026;Echandens
4210;5603;Staufen
5304;6685;Bosco/Gurin
5309;6683;Cerentino
5078;6772;Prato (Leventina)
5;8908;Hedingen
114;8496;Fischenthal
294;8353;Elgg
293;8804;Wädenswil
6087;1969;Saint-Martin (VS)
6248;3976;Sierre
6263;1971;Grimisuat
6084;1982;Hérémence
4073;8917;Oberlunkhofen
6635;1243;Presinge
6636;1241;Puplinge
6622;1294;Genthod
6633;1228;Plan-les-Ouates
2532;4553;Subingen
388;3297;Leuzigen
3424;9203;Oberbüren
2952;8226;Schleitheim
2951;8228;Beggingen
2917;8235;Lohn (SH)
5635;1015;Ecublens (VD)
4045;5430;Wettingen
4021;5400;Baden
4226;5627;Besenbüren
4426;8593;Kesswil
3831;6557;Cama
6136;1919;Martigny
4891;8572;Berg (TG)
5143;6994;Aranno
2862;4492;Tecknau
2855;4494;Oltingen
786;3860;Schattenhalb
3673;7404;Domleschg
2883;4207;Bretzwil
2620;4233;Meltingen
2785;4202;Duggingen
2477;4115;Metzerlen-Mariastein
2471;4112;Bättwil
1401;6053;Alpnach
3311;8873;Amden
3007;9104;Waldstatt
443;2610;Saint-Imier
423;3425;Willadingen
3037;9428;Walzenhausen
6295;3929;Täsch
3804;6542;Buseno
4781;9545;Wängi
1507;6052;Hergiswil (NW)
1010;6182;Escholzmatt-Marbach
629;3504;Oberhünigen
492;3235;Erlach
908;3556;Trub
936;3638;Pohlern
763;3758;Erlenbach im Simmental
667;3177;Laupen
585;3706;Leissigen
6715;2827;Mervelier
883;3662;Seftigen
626;3512;Walkringen
2793;4222;Zwingen
749;2557;Studen (BE)
611;3629;Kiesen
3713;7444;Ferrera
2584;4656;Starrkirch-Wil
1219;6465;Unterschächen
4304;5312;Döttingen
4041;5608;Stetten (AG)
4309;5313;Klingnau
4258;4310;Rheinfelden
4312;5426;Lengnau (AG)
5405;1882;Gryon
960;4954;Wyssachen
5017;6592;Sant'Antonino
3378;9114;Neckertal
401;3426;Aefligen
2336;1623;Semsales
5843;1659;Rougemont
2308;3182;Ueberstorf
2293;3186;Düdingen
1068;6354;Vitznau
4691;8596;Münsterlingen
3271;9470;Buchs (SG)
4176;5326;Schwaderloch
3031;9035;Grub (AR)
5422;1170;Aubonne
3231;9434;Au (SG)
4616;8524;Uesslingen-Buch
4826;8265;Mammern
3338;8716;Schmerikon
3392;9533;Kirchberg (SG)
5693;1063;Montanaire
5488;1148;Mauraz
5743;1321;Arnex-sur-Orbe
2038;1410;Prévondavaux
5712;1296;Coppet
5401;1860;Aigle
5556;1420;Fiez
5750;1356;Les Clées
5429;1261;Longirod
5611;1073;Savigny
5711;1291;Commugny
5533;1041;Poliez-Pittet
5644;1128;Reverolle
5856;1186;Essertines-sur-Rolle
5891;1820;Veytaux
1347;8856;Tuggen
6173;3982;Bitsch
5112;6633;Lavertezzo
5096;6645;Brione sopra Minusio
4546;8252;Schlatt (TG)
2517;4552;Derendingen
6116;3953;Varen
6112;3948;Oberems
3953;7304;Maienfeld
25;8447;Dachsen
216;8474;Dinhard
21;8452;Adlikon
226;8418;Schlatt (ZH)
4135;5728;Gontenschwil
4141;5734;Reinach (AG)
4147;5732;Zetzwil
4139;5737;Menziken
6246;1958;Saint-Léonard
6011;3907;Zwischbergen
3217;9323;Steinach
6617;1223;Cologny
934;3653;Oberhofen am Thunersee
905;3433;Rüderswil
30;8450;Andelfingen
2901;8214;Gächlingen
5072;6746;Faido
4288;5058;Wiliberg
4566;8500;Frauenfeld
3234;9444;Diepoldsau
5206;6991;Neggio
5176;6949;Comano
5181;6981;Curio
2524;4554;Hüniken
6459;2072;Saint-Blaise
6455;2525;Le Landeron
2770;4132;Muttenz
2474;4145;Gempen
2763;4144;Arlesheim
2481;4108;Witterswil
3506;7077;Vaz/Obervaz
2701;4000;Basel
4285;4802;Strengelbach
1344;8853;Lachen
1504;6376;Emmetten
1510;6362;Stansstad
6292;3927;St. Niklaus
1122;6147;Altbüron
1098;6017;Ruswil
1021;6287;Aesch (LU)
1107;6110;Wolhusen
6709;2822;Courroux
768;3646;Spiez
307;3042;Meikirch
2792;4246;Wahlen
493;2577;Finsterhennen
708;2827;Schelten
6790;2902;Fontenais
361;3052;Zollikofen
6748;2714;Les Genevez (JU)
590;3805;Ringgenberg (BE)
709;2747;Seehof
3695;7434;Sufers
3572;7153;Falera
2405;4626;Niederbuchsiten
441;2616;Renan (BE)
4591;9548;Matzingen
2586;4612;Wangen bei Olten
6142;1929;Trient
3395;9606;Bütschwil-Ganterschwil
4038;5415;Obersiggenthal
4066;5445;Eggenwil
5648;1025;Saint-Sulpice (VD)
5584;1066;Epalinges
4044;5301;Untersiggenthal
4068;5607;Hägglingen
4146;5726;Unterkulm
4283;5745;Safenwil
4143;5046;Schmiedrued
340;4933;Rütschelen
538;3312;Fraubrunnen
6434;2414;Le Cerneux-Péquignot
2303;1736;St. Silvester
2113;1685;Vuisternens-devant-Romont
2022;1544;Gletterens
2135;1663;Gruyères
4105;5318;Mandach
3551;7743;Brusio
3102;9108;Gonten
2554;4533;Riedholz
2535;4558;Drei Höfe
762;3753;Diemtigen
5702;1273;Arzier-Le Muids
5428;1188;Gimel
5923;1047;Oppens
5726;1278;La Rippe
5762;1355;Sergey
5930;1437;Suscévaz
5646;1162;Saint-Prex
5803;1085;Vulliens
5434;1188;Saint-George
5410;1862;Ormont-Dessous
5862;1180;Tartegnin
5760;1439;Rances
6008;3911;Ried-Brig
732;2564;Bellmund
6118;3945;Gampel-Bratsch
6101;3951;Agarn
101;8162;Steinmaur
194;8606;Greifensee
9;8932;Mettmenstetten
1;8914;Aeugst am Albis
98;8165;Schleinikon
6082;1966;Ayent
6090;1961;Mont-Noble
6239;1977;Icogne
574;3856;Brienzwiler
4221;5646;Abtwil
2534;4528;Zuchwil
2962;8261;Hemishofen
4201;5600;Lenzburg
5591;1020;Renens (VD)
5231;6943;Vezia
5149;6981;Bedigliora
5205;6933;Muzzano
3821;6558;Lostallo
2845;4442;Diepflingen
2866;4451;Wintersingen
2863;4456;Tenniken
2852;4448;Läufelfingen
2864;4441;Thürnen
2523;4557;Horriwil
261;8000;Zürich
2830;4419;Lupsingen
4289;4800;Zofingen
1406;6072;Sachseln
1349;8855;Wangen (SZ)
3036;9044;Wald (AR)
6291;3910;Saas-Grund
6458;2000;Neuchâtel
1009;6105;Werthenstein
927;3625;Heiligenschwendi
737;3274;Hermrigen
606;3671;Brenzikofen
6778;2915;Bure
704;2762;Roches (BE)
591;3813;Saxeten
886;3665;Wattenwil
748;2556;Schwadernau
6750;2718;Lajoux (JU)
904;3538;Röthenbach im Emmental
6153;1870;Monthey
3972;7212;Seewis im Prättigau
5406;1892;Lavey-Morcles
3444;9205;Waldkirch
448;2613;Villeret
2572;4658;Däniken
4301;5333;Baldingen
4170;5080;Laufenburg
2426;4712;Laupersdorf
5606;1093;Lutry
3035;9411;Reute (AR)
4196;5615;Fahrwangen
4175;5072;Oeschgen
602;3508;Arni (BE)
533;3315;Bätterkinden
5010;6533;Lumino
553;3053;Wiggiswil
4049;5420;Ehrendingen
6057;3984;Fiesch
5842;1658;Rossinière
2114;1694;Villorsonnens
2306;1712;Tafers
6437;2316;Les Ponts-de-Martel
2183;1720;Corminboeuf
2138;1656;Jaun
6423;2314;La Sagne
2145;1661;Le Pâquier (FR)
2175;1782;Belfaux
1311;6442;Gersau
6299;3934;Zeneggen
499;2577;Siselen
121;8620;Wetzikon (ZH)
2527;4542;Luterbach
556;4564;Zielebach
2130;1653;Crésuz
2129;1647;Corbières
5925;1413;Orzens
5886;1815;Montreux
5931;1436;Treycovagnes
5758;1148;La Praz
5472;1035;Bournens
5592;1032;Romanel-sur-Lausanne
5905;1443;Champvent
5531;1375;Penthéréaz
5812;1537;Champtauroz
5404;1856;Corbeyrier
5480;1306;Daillens
5935;1404;Villars-Epeney
5552;1452;Bullet
5907;1464;Chavannes-le-Chêne
5857;1182;Gilly
1301;8836;Einsiedeln
5117;6647;Mergoscia
5073;6745;Giornico
6104;3947;Ergisch
6117;3956;Guttet-Feschel
385;3264;Diessbach bei Büren
2849;4452;Itingen
38;8462;Rheinau
89;8172;Niederglatt
51;8184;Bachenbülach
192;8132;Egg
60;8181;Höri
6;8926;Kappel am Albis
56;8423;Embrach
27;8245;Feuerthalen
85;8114;Dänikon
2520;4566;Halten
6616;1222;Collonge-Bellerive
2550;4513;Langendorf
2914;8236;Büttenhardt
69;8301;Wallisellen
5938;1400;Yverdon-les-Bains
5260;6883;Novazzano
5263;6826;Riva San Vitale
5141;6990;Agno
5187;6929;Gravesano
1342;8854;Galgenen
2826;4304;Giebenach
2886;4434;Hölstein
3723;7403;Rhäzüns
4067;5525;Fischbach-Göslikon
2774;4124;Schönenbuch
2788;4253;Liesberg
2775;4106;Therwil
2622;4234;Zullwil
2274;3286;Muntelier
2971;8215;Hallau
1508;6382;Oberdorf (NW)
4123;5210;Windisch
1121;6248;Alberswil
1147;4806;Wikon
1041;6288;Schongau
1143;6247;Schötz
928;3627;Heimberg
309;3036;Radelfingen
360;3032;Wohlen bei Bern
870;3122;Kehrsatz
389;3294;Meienried
741;3274;Merzligen
750;2572;Sutz-Lattrigen
4237;5647;Oberrüti
3862;7232;Furna
3791;7524;Zuoz
3785;7522;La Punt-Chamues-ch
6757;2350;Saignelégier
1210;6493;Hospental
404;3400;Burgdorf
432;2610;Cormoret
6219;1904;Vernayaz
745;2562;Port
3514;7493;Schmitten (GR)
4142;5044;Schlossrued
4253;4312;Magden
4078;5619;Uezwil
4120;5106;Veltheim (AG)
342;4922;Thunstetten
4406;8582;Dozwil
4287;4803;Vordemwald
420;3422;Rüdtligen-Alchenflüh
544;3302;Moosseedorf
5827;1552;Trey
2035;1485;Nuvilly
2230;1723;Villarsel-sur-Marly
6456;2523;Lignières
2099;1678;Siviriez
2097;1673;Rue
2096;1680;Romont (FR)
113;8632;Dürnten
5581;1092;Belmont-sur-Lausanne
2853;4464;Maisprach
2516;4543;Deitingen
2544;4532;Feldbrunnen-St. Niklaus
2556;2545;Selzach
5701;1277;Arnex-sur-Nyon
5642;1110;Morges
5690;1515;Villars-le-Comte
5921;1415;Molondin
5653;1134;Vufflens-le-Château
5854;1268;Burtigny
5730;1270;Trélex
5904;1436;Chamblon
5479;1148;Cuarnens
5436;1187;Saint-Oyens
5476;1316;Chevilly
5683;1682;Prévonloup
6002;3900;Brig-Glis
6007;3914;Naters
5049;6719;Blenio
1031;6280;Hochdorf
1707;6343;Risch
418;3414;Oberburg
13;8143;Stallikon
70;8195;Wasterkingen
3;8906;Bonstetten
178;8322;Russikon
26;8458;Dorf
11;8913;Ottenbach
173;8335;Hittnau
251;8104;Weiningen (ZH)
5721;1196;Gland
4132;5708;Birrwil
6023;1975;Conthey
3236;9430;St. Margrethen
4063;5620;Bremgarten (AG)
2403;4703;Kestenholz
6629;1252;Meinier
6614;1244;Choulex
6193;3935;Bürchen
4683;8574;Lengwil
2464;4574;Lüsslingen-Nennigkofen
2455;4571;Lüterkofen-Ichertswil
2964;8260;Stein am Rhein
2920;8236;Thayngen
3218;9327;Tübach
5627;1022;Chavannes-près-Renens
6204;3949;Steg-Hohtenn
4230;5632;Buttwil
5162;6814;Cadempino
5154;6816;Bissone
5171;6987;Caslano
4181;5064;Wittnau
3932;7063;Tschiertschen-Praden
2851;4496;Kilchberg (BL)
2860;4497;Rünenberg
2865;4493;Wenslingen
2888;4438;Langenbruck
2765;4101;Binningen
4551;8355;Aadorf
4232;5637;Geltwil
4257;4305;Olsberg
3342;8638;Eschenbach (SG)
3408;9240;Uzwil
6054;3996;Binn
3272;9473;Gams
1503;6383;Dallenwil
4080;5612;Villmergen
4107;5243;Mülligen
1057;6038;Honau
1140;6260;Reiden
1004;6173;Flühli
1063;6045;Meggen
1024;6020;Emmen
1058;6047;Horw
1061;6000;Luzern
6131;1932;Bovernier
3712;7432;Zillis-Reischen
5402;1880;Bex
6220;1891;Vérossaz
3427;9510;Wil (SG)
3393;9604;Lütisburg
4179;5028;Ueken
3543;7452;Surses
3805;6540;Castaneda
4104;5242;Lupfig
922;3638;Blumenstein
4227;5618;Bettwil
6032;1946;Bourg-Saint-Pierre
1215;6377;Seelisberg
4274;4805;Brittnau
4317;5464;Rümikon
4235;5642;Mühlau
6058;3801;Fieschertal
2220;1724;Le Mouret
2117;1690;Villaz
2008;1473;Châtillon (FR)
5821;1565;Missy
5790;1613;Maracon
942;3600;Thun
4441;8599;Salmsach
3274;9465;Sennwald
4436;8590;Romanshorn
6288;3905;Saas-Almagell
5091;6612;Ascona
861;3123;Belp
2163;1654;Val-de-Charmey
5727;1264;Saint-Cergue
5684;1513;Rossenges
5902;1432;Belmont-sur-Yverdon
6610;1298;Céligny
5759;1324;Premier
6151;1874;Champéry
5492;1147;Montricher
5761;1323;Romainmôtier-Envy
5501;1036;Sullens
5830;1554;Villarzel
5521;1037;Etagnières
5601;1071;Chexbres
5539;1418;Vuarrens
6199;3942;Raron
1710;6318;Walchwil
1705;6345;Neuheim
3787;7500;St. Moritz
6711;2800;Delémont
4134;5724;Dürrenäsch
224;8422;Pfungen
33;8453;Kleinandelfingen
296;8307;Illnau-Effretikon
43;8459;Volken
96;8105;Regensdorf
72;8185;Winkel
6089;1981;Vex
3422;9246;Niederbüren
6605;1257;Bardonnex
6645;1234;Veyrier
6601;1288;Aire-la-Ville
6286;3931;Lalden
2972;8216;Oberhallau
152;8704;Herrliberg
1708;6312;Steinhausen
4279;4853;Murgenthal
4281;5057;Reitnau
4007;5042;Hirschthal
4013;5035;Unterentfelden
3216;9404;Rorschacherberg
5151;6934;Bioggio
5249;6875;Castel San Pietro
5221;6942;Savosa
5216;6984;Pura
2890;4436;Liedertswil
2827;4423;Hersberg
2895;4437;Waldenburg
1362;6410;Arth
2406;4625;Oberbuchsiten
4203;5103;Möriken-Wildegg
158;8712;Stäfa
3722;7013;Domat/Ems
2478;4412;Nuglar-St. Pantaleon
2611;4252;Bärschwil
2786;4203;Grellingen
6296;3923;Törbel
6290;3906;Saas-Fee
1404;6068;Kerns
4030;8956;Killwangen
4280;4665;Oftringen
302;3282;Bargen (BE)
4751;9532;Rickenbach (TG)
3294;7317;Pfäfers
4571;8546;Gachnang
3405;9243;Jonschwil
3542;7084;Albula/Alvra
4681;8585;Langrickenbach
1039;6027;Römerswil
1064;6344;Meierskappel
1094;6207;Nottwil
1055;6038;Gisikon
1032;6276;Hohenrain
1053;6036;Dierikon
1102;6204;Sempach
118;8630;Rüti (ZH)
2579;4614;Hägendorf
4821;8536;Hüttwilen
4286;4813;Uerkheim
4191;5600;Ammerswil
4091;5105;Auenstein
4035;5443;Niederrohrdorf
4305;5304;Endingen
4192;5706;Boniswil
551;3322;Urtenen-Schönbühl
4028;5423;Freienwil
2148;1632;Riaz
120;8636;Wald (ZH)
153;8634;Hombrechtikon
215;8421;Dättlikon
157;8618;Oetwil am See
250;8902;Urdorf
223;8412;Neftenbach
6240;3978;Lens
6083;1984;Evolène
22;8463;Benken (ZH)
6615;1239;Collex-Bossy
4721;8362;Bichelsee-Balterswil
4182;5063;Wölflinswil
4064;5619;Büttikon
4621;8532;Warth-Weiningen
4061;8905;Arni (AG)
219;8352;Elsau
6300;3920;Zermatt
6177;3993;Grengiols
249;8103;Unterengstringen
231;8483;Zell (ZH)
14;8907;Wettswil am Albis
83;8107;Buchs (ZH)
99;8165;Schöfflisdorf
4117;5112;Thalheim (AG)
3214;9402;Mörschwil
2404;4623;Neuendorf
4222;5628;Aristau
4177;4334;Sisseln
3715;7433;Muntogna da Schons
3681;7446;Avers
3640;7411;Sils im Domleschg
4238;8919;Rottenschwil
3668;7430;Thusis
3701;7440;Andeer
